STATE,STATENAME,ST_CASE,PEDS,PERNOTMVIT,VE_TOTAL,VE_FORMS,PVH_INVL,PERSONS,PERMVIT,COUNTY,COUNTYNAME,CITY,CITYNAME,MONTH,MONTHNAME,DAY,DAYNAME,DAY_WEEK,DAY_WEEKNAME,YEAR,HOUR,HOURNAME,MINUTE,MINUTENAME,TWAY_ID,TWAY_ID2,ROUTE,ROUTENAME,RUR_URB,RUR_URBNAME,FUNC_SYS,FUNC_SYSNAME,RD_OWNER,RD_OWNERNAME,NHS,NHSNAME,SP_JUR,SP_JURNAME,MILEPT,MILEPTNAME,LATITUDE,LATITUDENAME,LONGITUD,LONGITUDNAME,HARM_EV,HARM_EVNAME,MAN_COLL,MAN_COLLNAME,RELJCT1,RELJCT1NAME,RELJCT2,RELJCT2NAME,TYP_INT,TYP_INTNAME,REL_ROAD,REL_ROADNAME,WRK_ZONE,WRK_ZONENAME,LGT_COND,LGT_CONDNAME,WEATHER,WEATHERNAME,SCH_BUS,SCH_BUSNAME,RAIL,RAILNAME,NOT_HOUR,NOT_HOURNAME,NOT_MIN,NOT_MINNAME,ARR_HOUR,ARR_HOURNAME,ARR_MIN,ARR_MINNAME,HOSP_HR,HOSP_HRNAME,HOSP_MN,HOSP_MNNAME,FATALS
41,Oregon,410123,0,0,2,2,0,3,3,67,WASHINGTON (67),180,BEAVERTON,4,April,16,16,1,Sunday,2023,23,11:00pm-11:59pm,11,11,SW MURRAY BLVD,,0,Not Signed,2,Urban,3,Other Principal Arterial,4,City or Municipal Highway Agency,1,This Section IS ON the NHS,0,No Special Jurisdiction,0,,45.45735278,45.45735278,-122.82623056,-122.82623056,42,Tree (Standing Only),0,The First Harmful Event was Not a Collision with a Motor Vehicle in Transport,0,No,1,Non-Junction,1,Not an Intersection,3,On Median,0,,3,Dark - Lighted,10,Cloudy,0,No,0000000,Not Applicable,23,11:00pm-11:59pm,13,13,23,11:00pm-11:59pm,22,22,23,11:00pm-11:59pm,49,49,1
41,Oregon,410124,1,1,1,1,0,1,1,39,LANE (39),0,NOT APPLICABLE,4,April,16,16,1,Sunday,2023,21,9:00pm-9:59pm,15,15,I-5 CONNECTION 4,,1,Interstate,1,Rural,1,Interstate,1,State Highway Agency,1,This Section IS ON the NHS,0,No Special Jurisdiction,1770,1770,43.83458611,43.83458611,-123.02904444,-123.02904444,8,Pedestrian,0,The First Harmful Event was Not a Collision with a Motor Vehicle in Transport,1,Yes,20,Entrance/Exit Ramp,1,Not an Intersection,1,On Roadway,0,,2,Dark - Not Lighted,2,Rain,0,No,0000000,Not Applicable,9,9:00am-9:59am,18,18,9,9:00am-9:59am,26,26,88,Not Applicable (Not Transported),88,Not Applicable (Not Transported),1
41,Oregon,410126,0,0,2,2,0,2,2,41,LINCOLN (41),0,NOT APPLICABLE,4,April,17,17,2,Monday,2023,9,9:00am-9:59am,59,59,US-20 ODOT 33,,2,U.S. Highway,1,Rural,3,Other Principal Arterial,1,State Highway Agency,1,This Section IS ON the NHS,0,No Special Jurisdiction,30,30,44.63136111,44.63136111,-123.99435278,-123.99435278,12,Motor Vehicle In-Transport,2,Front-to-Front,0,No,1,Non-Junction,1,Not an Intersection,1,On Roadway,0,,1,Daylight,2,Rain,0,No,0000000,Not Applicable,9,9:00am-9:59am,59,59,9,9:00am-9:59am,59,59,99,Unknown,99,Unknown EMS Hospital Arrival Time,1
41,Oregon,410127,0,0,2,2,0,3,3,7,CLATSOP (7),0,NOT APPLICABLE,4,April,18,18,3,Tuesday,2023,13,1:00pm-1:59pm,15,15,US-30 ODOT 92,,2,U.S. Highway,1,Rural,3,Other Principal Arterial,1,State Highway Agency,1,This Section IS ON the NHS,0,No Special Jurisdiction,765,765,46.17068611,46.17068611,-123.47098611,-123.47098611,12,Motor Vehicle In-Transport,6,Angle,0,No,1,Non-Junction,1,Not an Intersection,1,On Roadway,0,,1,Daylight,2,Rain,0,No,0000000,Not Applicable,13,1:00pm-1:59pm,16,16,13,1:00pm-1:59pm,25,25,99,Unknown,99,Unknown EMS Hospital Arrival Time,2
41,Oregon,410128,0,0,2,2,0,2,2,11,COOS (11),0,NOT APPLICABLE,4,April,18,18,3,Tuesday,2023,11,11:00am-11:59am,46,46,SR-42 ODOT 35,NORTH BANK LN,3,State Highway,1,Rural,3,Other Principal Arterial,1,State Highway Agency,1,This Section IS ON the NHS,0,No Special Jurisdiction,67,67,43.21434167,43.21434167,-124.24585556,-124.24585556,12,Motor Vehicle In-Transport,6,Angle,0,No,2,Intersection,3,T-Intersection,1,On Roadway,0,,1,Daylight,10,Cloudy,0,No,0000000,Not Applicable,11,11:00am-11:59am,46,46,11,11:00am-11:59am,52,52,99,Unknown,99,Unknown EMS Hospital Arrival Time,1
41,Oregon,410129,0,0,1,1,0,2,2,43,LINN (43),0,NOT APPLICABLE,4,April,20,20,5,Thursday,2023,13,1:00pm-1:59pm,37,37,SCRAVEL HILL RD,,0,Not Signed,1,Rural,5,Major Collector,2,County Highway Agency,0,This Section IS NOT on the NHS,0,No Special Jurisdiction,31,31,44.69008611,44.69008611,-123.02586944,-123.02586944,42,Tree (Standing Only),0,The First Harmful Event was Not a Collision with a Motor Vehicle in Transport,0,No,1,Non-Junction,1,Not an Intersection,4,On Roadside,0,,1,Daylight,2,Rain,0,No,0000000,Not Applicable,13,1:00pm-1:59pm,37,37,13,1:00pm-1:59pm,50,50,99,Unknown,99,Unknown EMS Hospital Arrival Time,1
41,Oregon,410131,0,0,2,2,0,4,4,15,CURRY (15),0,NOT APPLICABLE,4,April,13,13,5,Thursday,2023,16,4:00pm-4:59pm,52,52,NORTH BANK CHETCO RIVER RD,,0,Not Signed,1,Rural,5,Major Collector,2,County Highway Agency,0,This Section IS NOT on the NHS,0,No Special Jurisdiction,47,47,42.07751389,42.07751389,-124.20577778,-124.20577778,12,Motor Vehicle In-Transport,2,Front-to-Front,0,No,1,Non-Junction,1,Not an Intersection,1,On Roadway,0,,1,Daylight,1,Clear,0,No,0000000,Not Applicable,16,4:00pm-4:59pm,52,52,17,5:00pm-5:59pm,1,1,99,Unknown,99,Unknown EMS Hospital Arrival Time,1
41,Oregon,410132,0,0,1,1,0,1,1,7,CLATSOP (7),0,NOT APPLICABLE,4,April,25,25,3,Tuesday,2023,3,3:00am-3:59am,0,0,US-26 ODOT 47,,2,U.S. Highway,1,Rural,3,Other Principal Arterial,1,State Highway Agency,1,This Section IS ON the NHS,0,No Special Jurisdiction,59,59,45.90834167,45.90834167,-123.83009167,-123.83009167,42,Tree (Standing Only),0,The First Harmful Event was Not a Collision with a Motor Vehicle in Transport,0,No,1,Non-Junction,1,Not an Intersection,4,On Roadside,0,,2,Dark - Not Lighted,10,Cloudy,0,No,0000000,Not Applicable,7,7:00am-7:59am,3,3,7,7:00am-7:59am,10,10,88,Not Applicable (Not Transported),88,Not Applicable (Not Transported),1
41,Oregon,410133,0,0,2,2,0,2,2,11,COOS (11),0,NOT APPLICABLE,4,April,25,25,3,Tuesday,2023,13,1:00pm-1:59pm,55,55,US-101 ODOT 9,,2,U.S. Highway,1,Rural,3,Other Principal Arterial,1,State Highway Agency,1,This Section IS ON the NHS,0,No Special Jurisdiction,2429,2429,43.31061389,43.31061389,-124.209125,-124.209125,12,Motor Vehicle In-Transport,2,Front-to-Front,0,No,1,Non-Junction,1,Not an Intersection,1,On Roadway,0,,1,Daylight,1,Clear,0,No,0000000,Not Applicable,14,2:00pm-2:59pm,1,1,14,2:00pm-2:59pm,11,11,99,Unknown,99,Unknown EMS Hospital Arrival Time,1
41,Oregon,410134,0,0,3,3,0,3,3,5,CLACKAMAS (5),0,NOT APPLICABLE,4,April,25,25,3,Tuesday,2023,14,2:00pm-2:59pm,31,31,S SPRINGWATER RD,,0,Not Signed,1,Rural,4,Minor Arterial,2,County Highway Agency,0,This Section IS NOT on the NHS,0,No Special Jurisdiction,16,16,45.38026944,45.38026944,-122.47302778,-122.47302778,12,Motor Vehicle In-Transport,2,Front-to-Front,0,No,1,Non-Junction,1,Not an Intersection,1,On Roadway,0,,1,Daylight,1,Clear,0,No,0000000,Not Applicable,14,2:00pm-2:59pm,31,31,14,2:00pm-2:59pm,36,36,88,Not Applicable (Not Transported),88,Not Applicable (Not Transported),2
41,Oregon,410135,0,0,1,1,0,1,1,39,LANE (39),0,NOT APPLICABLE,4,April,25,25,3,Tuesday,2023,17,5:00pm-5:59pm,54,54,SR- 569 CONNECTION 1 ODOT 91,,3,State Highway,2,Urban,2,Other Freeways and Expressways,1,State Highway Agency,1,This Section IS ON the NHS,0,No Special Jurisdiction,1184,1184,44.09678611,44.09678611,-123.16874722,-123.16874722,24,Guardrail Face,0,The First Harmful Event was Not a Collision with a Motor Vehicle in Transport,1,Yes,5,Entrance/Exit Ramp Related,1,Not an Intersection,4,On Roadside,0,,1,Daylight,1,Clear,0,No,0000000,Not Applicable,18,6:00pm-6:59pm,2,2,18,6:00pm-6:59pm,8,8,88,Not Applicable (Not Transported),88,Not Applicable (Not Transported),1
41,Oregon,410136,0,0,4,4,0,7,7,45,MALHEUR (45),0,NOT APPLICABLE,4,April,21,21,6,Friday,2023,13,1:00pm-1:59pm,48,48,US-95 ODOT 456,,2,U.S. Highway,1,Rural,3,Other Principal Arterial,1,State Highway Agency,1,This Section IS ON the NHS,0,No Special Jurisdiction,100,100,43.12055278,43.12055278,-117.05392778,-117.05392778,12,Motor Vehicle In-Transport,8,Sideswipe - Opposite Direction,0,No,1,Non-Junction,1,Not an Intersection,1,On Roadway,0,,1,Daylight,1,Clear,0,No,0000000,Not Applicable,99,Unknown,99,Unknown,99,Unknown EMS Scene Arrival Hour,99,Unknown EMS Scene Arrival Minutes,99,Unknown,99,Unknown EMS Hospital Arrival Time,1
41,Oregon,410137,1,1,1,1,0,1,1,15,CURRY (15),0,NOT APPLICABLE,1,January,24,24,3,Tuesday,2023,17,5:00pm-5:59pm,27,27,LOWER HARBOR RD,,0,Not Signed,2,Urban,5,Major Collector,2,County Highway Agency,0,This Section IS NOT on the NHS,0,No Special Jurisdiction,5,5,42.04795,42.04795,-124.26467222,-124.26467222,8,Pedestrian,0,The First Harmful Event was Not a Collision with a Motor Vehicle in Transport,0,No,1,Non-Junction,1,Not an Intersection,1,On Roadway,0,,5,Dusk,98,Not Reported,0,No,0000000,Not Applicable,99,Unknown,99,Unknown,99,Unknown EMS Scene Arrival Hour,99,Unknown EMS Scene Arrival Minutes,99,Unknown,99,Unknown EMS Hospital Arrival Time,1
41,Oregon,410138,1,1,1,1,0,1,1,51,MULTNOMAH (51),880,GRESHAM,2,February,26,26,1,Sunday,2023,2,2:00am-2:59am,59,59,NE 181ST AVE,,0,Not Signed,2,Urban,3,Other Principal Arterial,4,City or Municipal Highway Agency,1,This Section IS ON the NHS,0,No Special Jurisdiction,0,,45.53742778,45.53742778,-122.47727222,-122.47727222,8,Pedestrian,0,The First Harmful Event was Not a Collision with a Motor Vehicle in Transport,0,No,1,Non-Junction,1,Not an Intersection,1,On Roadway,0,,3,Dark - Lighted,4,Snow,0,No,0000000,Not Applicable,2,2:00am-2:59am,59,59,3,3:00am-3:59am,5,5,88,Not Applicable (Not Transported),88,Not Applicable (Not Transported),1
41,Oregon,410139,1,1,1,1,0,1,1,51,MULTNOMAH (51),1650,PORTLAND,4,April,28,28,6,Friday,2023,0,0:00am-0:59am,10,10,NE 82ND AVE,NE GLISAN ST,0,Not Signed,2,Urban,3,Other Principal Arterial,1,State Highway Agency,1,This Section IS ON the NHS,0,No Special Jurisdiction,0,,45.52647222,45.52647222,-122.57894167,-122.57894167,15,Non-Motorist on Personal Conveyance,0,The First Harmful Event was Not a Collision with a Motor Vehicle in Transport,0,No,3,Intersection-Related,2,Four-Way Intersection,1,On Roadway,0,,6,Dark - Unknown Lighting,1,Clear,0,No,0000000,Not Applicable,99,Unknown,99,Unknown,99,Unknown EMS Scene Arrival Hour,99,Unknown EMS Scene Arrival Minutes,88,Not Applicable (Not Transported),88,Not Applicable (Not Transported),1
41,Oregon,410142,1,1,1,1,0,3,3,59,UMATILLA (59),0,NOT APPLICABLE,4,April,29,29,7,Saturday,2023,22,10:00pm-10:59pm,1,1,US-395A ODOT 54,,2,U.S. Highway,2,Urban,3,Other Principal Arterial,1,State Highway Agency,1,This Section IS ON the NHS,0,No Special Jurisdiction,39,39,45.86337222,45.86337222,-119.2909,-119.2909,8,Pedestrian,0,The First Harmful Event was Not a Collision with a Motor Vehicle in Transport,0,No,1,Non-Junction,1,Not an Intersection,1,On Roadway,0,,2,Dark - Not Lighted,1,Clear,0,No,0000000,Not Applicable,22,10:00pm-10:59pm,1,1,22,10:00pm-10:59pm,4,4,88,Not Applicable (Not Transported),88,Not Applicable (Not Transported),1
41,Oregon,410143,0,1,2,1,1,2,1,29,JACKSON (29),0,NOT APPLICABLE,4,April,30,30,1,Sunday,2023,3,3:00am-3:59am,3,3,I-5,,1,Interstate,1,Rural,1,Interstate,1,State Highway Agency,1,This Section IS ON the NHS,0,No Special Jurisdiction,7,7,42.01963611,42.01963611,-122.60926111,-122.60926111,14,Parked Motor Vehicle,0,The First Harmful Event was Not a Collision with a Motor Vehicle in Transport,0,No,1,Non-Junction,1,Not an Intersection,2,On Shoulder,0,,2,Dark - Not Lighted,1,Clear,0,No,0000000,Not Applicable,3,3:00am-3:59am,3,3,3,3:00am-3:59am,35,35,88,Not Applicable (Not Transported),88,Not Applicable (Not Transported),1
41,Oregon,410144,0,0,1,1,0,1,1,29,JACKSON (29),1770,ROGUE RIVER,4,April,22,22,7,Saturday,2023,12,12:00pm-12:59pm,22,22,PINE ST,,0,Not Signed,2,Urban,4,Minor Arterial,4,City or Municipal Highway Agency,0,This Section IS NOT on the NHS,0,No Special Jurisdiction,0,,42.436475,42.436475,-123.17018333,-123.17018333,38,Fence,0,The First Harmful Event was Not a Collision with a Motor Vehicle in Transport,0,No,1,Non-Junction,1,Not an Intersection,4,On Roadside,0,,1,Daylight,98,Not Reported,0,No,0000000,Not Applicable,99,Unknown,99,Unknown,99,Unknown EMS Scene Arrival Hour,99,Unknown EMS Scene Arrival Minutes,88,Not Applicable (Not Transported),88,Not Applicable (Not Transported),1
41,Oregon,410145,0,0,1,1,0,1,1,51,MULTNOMAH (51),1650,PORTLAND,5,May,3,3,4,Wednesday,2023,13,1:00pm-1:59pm,5,5,N MARINE DR,,0,Not Signed,2,Urban,4,Minor Arterial,4,City or Municipal Highway Agency,1,This Section IS ON the NHS,0,No Special Jurisdiction,0,,45.62297778,45.62297778,-122.7321,-122.7321,30,Utility Pole/Light Support,0,The First Harmful Event was Not a Collision with a Motor Vehicle in Transport,0,No,1,Non-Junction,1,Not an Intersection,4,On Roadside,0,,1,Daylight,1,Clear,0,No,0000000,Not Applicable,13,1:00pm-1:59pm,5,5,13,1:00pm-1:59pm,16,16,88,Not Applicable (Not Transported),88,Not Applicable (Not Transported),1
41,Oregon,410146,0,0,2,2,0,3,3,67,WASHINGTON (67),2065,TIGARD,5,May,3,3,4,Wednesday,2023,11,11:00am-11:59am,55,55,SW UPPER BOONES FERRY RD,,0,Not Signed,2,Urban,4,Minor Arterial,4,City or Municipal Highway Agency,0,This Section IS NOT on the NHS,0,No Special Jurisdiction,0,,45.40670833,45.40670833,-122.74593333,-122.74593333,12,Motor Vehicle In-Transport,6,Angle,0,No,8,Driveway Access Related,1,Not an Intersection,1,On Roadway,0,,1,Daylight,1,Clear,0,No,0000000,Not Applicable,99,Unknown,99,Unknown,99,Unknown EMS Scene Arrival Hour,99,Unknown EMS Scene Arrival Minutes,99,Unknown,99,Unknown EMS Hospital Arrival Time,1
41,Oregon,410147,0,0,1,1,0,1,1,11,COOS (11),0,NOT APPLICABLE,5,May,4,4,5,Thursday,2023,0,0:00am-0:59am,34,34,SR-542 ODOT 242,,3,State Highway,1,Rural,5,Major Collector,1,State Highway Agency,0,This Section IS NOT on the NHS,0,No Special Jurisdiction,137,137,42.91931111,42.91931111,-124.11562222,-124.11562222,35,Embankment,0,The First Harmful Event was Not a Collision with a Motor Vehicle in Transport,0,No,1,Non-Junction,1,Not an Intersection,4,On Roadside,0,,2,Dark - Not Lighted,10,Cloudy,0,No,0000000,Not Applicable,0,0:00am-0:59am,36,36,0,0:00am-0:59am,51,51,88,Not Applicable (Not Transported),88,Not Applicable (Not Transported),1
41,Oregon,410148,0,0,1,1,0,2,2,39,LANE (39),0,NOT APPLICABLE,5,May,4,4,5,Thursday,2023,20,8:00pm-8:59pm,23,23,BIG FALL CREEK RD,,0,Not Signed,1,Rural,5,Major Collector,2,County Highway Agency,0,This Section IS NOT on the NHS,0,No Special Jurisdiction,80,80,43.97638889,43.97638889,-122.66503333,-122.66503333,30,Utility Pole/Light Support,0,The First Harmful Event was Not a Collision with a Motor Vehicle in Transport,0,No,1,Non-Junction,1,Not an Intersection,4,On Roadside,0,,2,Dark - Not Lighted,1,Clear,0,No,0000000,Not Applicable,99,Unknown,99,Unknown,99,Unknown EMS Scene Arrival Hour,99,Unknown EMS Scene Arrival Minutes,99,Unknown,99,Unknown EMS Hospital Arrival Time,1
41,Oregon,410149,0,0,1,1,0,1,1,67,WASHINGTON (67),2065,TIGARD,5,May,6,6,7,Saturday,2023,7,7:00am-7:59am,42,42,I-5 RAMP 5,,1,Interstate,2,Urban,1,Interstate,1,State Highway Agency,1,This Section IS ON the NHS,0,No Special Jurisdiction,2910,2910,45.40502778,45.40502778,-122.74469444,-122.74469444,42,Tree (Standing Only),0,The First Harmful Event was Not a Collision with a Motor Vehicle in Transport,1,Yes,5,Entrance/Exit Ramp Related,1,Not an Intersection,4,On Roadside,0,,1,Daylight,1,Clear,0,No,0000000,Not Applicable,7,7:00am-7:59am,47,47,7,7:00am-7:59am,53,53,88,Not Applicable (Not Transported),88,Not Applicable (Not Transported),1
41,Oregon,410150,0,0,2,2,0,5,5,43,LINN (43),0,NOT APPLICABLE,5,May,7,7,1,Sunday,2023,3,3:00am-3:59am,15,15,I-5,,1,Interstate,2,Urban,1,Interstate,1,State Highway Agency,1,This Section IS ON the NHS,0,No Special Jurisdiction,2328,2328,44.62644167,44.62644167,-123.06183889,-123.06183889,12,Motor Vehicle In-Transport,1,Front-to-Rear,0,No,1,Non-Junction,1,Not an Intersection,1,On Roadway,0,,3,Dark - Lighted,1,Clear,0,No,0000000,Not Applicable,3,3:00am-3:59am,17,17,3,3:00am-3:59am,25,25,99,Unknown,99,Unknown EMS Hospital Arrival Time,2
41,Oregon,410151,0,0,2,2,0,5,5,57,TILLAMOOK (57),0,NOT APPLICABLE,5,May,7,7,1,Sunday,2023,16,4:00pm-4:59pm,25,25,US-101 ODOT 9,ALDERBROOK RD,2,U.S. Highway,2,Urban,3,Other Principal Arterial,1,State Highway Agency,1,This Section IS ON the NHS,0,No Special Jurisdiction,631,631,45.49315278,45.49315278,-123.84813611,-123.84813611,12,Motor Vehicle In-Transport,6,Angle,0,No,2,Intersection,3,T-Intersection,1,On Roadway,0,,1,Daylight,1,Clear,0,No,0000000,Not Applicable,16,4:00pm-4:59pm,25,25,16,4:00pm-4:59pm,30,30,99,Unknown,99,Unknown EMS Hospital Arrival Time,1
41,Oregon,410152,0,0,1,1,0,1,1,3,BENTON (3),0,NOT APPLICABLE,5,May,7,7,1,Sunday,2023,0,0:00am-0:59am,58,58,SR-99W ODOT 91,,3,State Highway,1,Rural,4,Minor Arterial,1,State Highway Agency,0,This Section IS NOT on the NHS,0,No Special Jurisdiction,906,906,44.46253056,44.46253056,-123.27466944,-123.27466944,34,Ditch,0,The First Harmful Event was Not a Collision with a Motor Vehicle in Transport,0,No,1,Non-Junction,1,Not an Intersection,4,On Roadside,0,,2,Dark - Not Lighted,1,Clear,0,No,0000000,Not Applicable,1,1:00am-1:59am,5,5,1,1:00am-1:59am,20,20,88,Not Applicable (Not Transported),88,Not Applicable (Not Transported),1
41,Oregon,410153,0,0,1,1,0,2,2,25,HARNEY (25),0,NOT APPLICABLE,5,May,2,2,3,Tuesday,2023,13,1:00pm-1:59pm,21,21,US-395 ODOT 48,,2,U.S. Highway,1,Rural,3,Other Principal Arterial,1,State Highway Agency,1,This Section IS ON the NHS,0,No Special Jurisdiction,486,486,43.853675,43.853675,-118.95158056,-118.95158056,42,Tree (Standing Only),0,The First Harmful Event was Not a Collision with a Motor Vehicle in Transport,0,No,1,Non-Junction,1,Not an Intersection,4,On Roadside,0,,1,Daylight,1,Clear,0,No,0000000,Not Applicable,13,1:00pm-1:59pm,30,30,14,2:00pm-2:59pm,1,1,99,Unknown,99,Unknown EMS Hospital Arrival Time,1
41,Oregon,410154,0,0,1,1,0,1,1,51,MULTNOMAH (51),880,GRESHAM,4,April,15,15,7,Saturday,2023,0,0:00am-0:59am,19,19,SE BURNSIDE RD,E POWELL BLVD,0,Not Signed,2,Urban,3,Other Principal Arterial,4,City or Municipal Highway Agency,1,This Section IS ON the NHS,0,No Special Jurisdiction,0,,45.49390833,45.49390833,-122.40583889,-122.40583889,39,Wall,0,The First Harmful Event was Not a Collision with a Motor Vehicle in Transport,0,No,3,Intersection-Related,2,Four-Way Intersection,4,On Roadside,0,,3,Dark - Lighted,1,Clear,0,No,0000000,Not Applicable,0,0:00am-0:59am,20,20,0,0:00am-0:59am,38,38,0,0:00am-0:59am,48,48,1
41,Oregon,410155,0,0,1,1,0,1,1,33,JOSEPHINE (33),0,NOT APPLICABLE,5,May,7,7,1,Sunday,2023,18,6:00pm-6:59pm,20,20,CARTON WY,,0,Not Signed,2,Urban,7,Local,2,County Highway Agency,0,This Section IS NOT on the NHS,0,No Special Jurisdiction,1,1,42.50683333,42.50683333,-123.39795278,-123.39795278,21,Bridge Pier or Support,0,The First Harmful Event was Not a Collision with a Motor Vehicle in Transport,0,No,1,Non-Junction,1,Not an Intersection,4,On Roadside,0,,1,Daylight,10,Cloudy,0,No,0000000,Not Applicable,18,6:00pm-6:59pm,39,39,18,6:00pm-6:59pm,49,49,88,Not Applicable (Not Transported),88,Not Applicable (Not Transported),1
41,Oregon,410156,0,0,2,2,0,2,2,29,JACKSON (29),0,NOT APPLICABLE,5,May,9,9,3,Tuesday,2023,13,1:00pm-1:59pm,29,29,SR-238 ODOT 272,,3,State Highway,1,Rural,4,Minor Arterial,1,State Highway Agency,0,This Section IS NOT on the NHS,0,No Special Jurisdiction,281,281,42.27363333,42.27363333,-123.02251389,-123.02251389,12,Motor Vehicle In-Transport,2,Front-to-Front,0,No,1,Non-Junction,1,Not an Intersection,1,On Roadway,0,,1,Daylight,1,Clear,0,No,0000000,Not Applicable,13,1:00pm-1:59pm,99,Unknown,13,1:00pm-1:59pm,38,38,88,Not Applicable (Not Transported),88,Not Applicable (Not Transported),1
41,Oregon,410157,0,0,4,3,1,3,3,51,MULTNOMAH (51),1650,PORTLAND,5,May,11,11,5,Thursday,2023,13,1:00pm-1:59pm,5,5,SE 72ND AVE,SE DUKE ST,0,Not Signed,2,Urban,5,Major Collector,4,City or Municipal Highway Agency,0,This Section IS NOT on the NHS,0,No Special Jurisdiction,0,,45.4759,45.4759,-122.58936111,-122.58936111,12,Motor Vehicle In-Transport,6,Angle,0,No,2,Intersection,2,Four-Way Intersection,1,On Roadway,0,,1,Daylight,1,Clear,0,No,0000000,Not Applicable,13,1:00pm-1:59pm,10,10,13,1:00pm-1:59pm,15,15,99,Unknown,99,Unknown EMS Hospital Arrival Time,1
41,Oregon,410158,1,1,1,1,0,1,1,51,MULTNOMAH (51),1650,PORTLAND,4,April,25,25,3,Tuesday,2023,5,5:00am-5:59am,21,21,NE 122ND AVE,NE SKIDMORE ST,0,Not Signed,2,Urban,4,Minor Arterial,4,City or Municipal Highway Agency,0,This Section IS NOT on the NHS,0,No Special Jurisdiction,0,,45.55367778,45.55367778,-122.53709167,-122.53709167,8,Pedestrian,0,The First Harmful Event was Not a Collision with a Motor Vehicle in Transport,0,No,3,Intersection-Related,3,T-Intersection,1,On Roadway,0,,3,Dark - Lighted,1,Clear,0,No,0000000,Not Applicable,5,5:00am-5:59am,21,21,5,5:00am-5:59am,28,28,5,5:00am-5:59am,52,52,1
41,Oregon,410159,1,1,1,1,0,1,1,51,MULTNOMAH (51),1650,PORTLAND,5,May,9,9,3,Tuesday,2023,13,1:00pm-1:59pm,22,22,NE BROADWAY ST,NE 15TH AVE,0,Not Signed,2,Urban,4,Minor Arterial,4,City or Municipal Highway Agency,0,This Section IS NOT on the NHS,0,No Special Jurisdiction,0,,45.53499444,45.53499444,-122.6506,-122.6506,8,Pedestrian,0,The First Harmful Event was Not a Collision with a Motor Vehicle in Transport,0,No,3,Intersection-Related,2,Four-Way Intersection,1,On Roadway,0,,1,Daylight,1,Clear,0,No,0000000,Not Applicable,13,1:00pm-1:59pm,26,26,13,1:00pm-1:59pm,33,33,99,Unknown,99,Unknown EMS Hospital Arrival Time,1
41,Oregon,410160,0,0,5,5,0,9,9,67,WASHINGTON (67),2065,TIGARD,5,May,11,11,5,Thursday,2023,19,7:00pm-7:59pm,35,35,SR-99W ODOT 91,,3,State Highway,2,Urban,3,Other Principal Arterial,1,State Highway Agency,1,This Section IS ON the NHS,0,No Special Jurisdiction,83,83,45.43736111,45.43736111,-122.75633056,-122.75633056,12,Motor Vehicle In-Transport,2,Front-to-Front,0,No,1,Non-Junction,1,Not an Intersection,1,On Roadway,0,,1,Daylight,1,Clear,0,No,0000000,Not Applicable,19,7:00pm-7:59pm,35,35,19,7:00pm-7:59pm,39,39,20,8:00pm-8:59pm,49,49,1
41,Oregon,410162,0,0,2,2,0,4,4,29,JACKSON (29),1630,PHOENIX,5,May,13,13,7,Saturday,2023,11,11:00am-11:59am,21,21,SR- 5 CONNECTION 2,,3,State Highway,2,Urban,4,Minor Arterial,1,State Highway Agency,0,This Section IS NOT on the NHS,0,No Special Jurisdiction,241,241,42.28030556,42.28030556,-122.81959722,-122.81959722,12,Motor Vehicle In-Transport,7,Sideswipe - Same Direction,1,Yes,20,Entrance/Exit Ramp,1,Not an Intersection,1,On Roadway,0,,1,Daylight,1,Clear,0,No,0000000,Not Applicable,11,11:00am-11:59am,23,23,11,11:00am-11:59am,29,29,88,Not Applicable (Not Transported),88,Not Applicable (Not Transported),1