STATE,STATENAME,ST_CASE,PEDS,PERNOTMVIT,VE_TOTAL,VE_FORMS,PVH_INVL,PERSONS,PERMVIT,COUNTY,COUNTYNAME,CITY,CITYNAME,MONTH,MONTHNAME,DAY,DAYNAME,DAY_WEEK,DAY_WEEKNAME,YEAR,HOUR,HOURNAME,MINUTE,MINUTENAME,TWAY_ID,TWAY_ID2,ROUTE,ROUTENAME,RUR_URB,RUR_URBNAME,FUNC_SYS,FUNC_SYSNAME,RD_OWNER,RD_OWNERNAME,NHS,NHSNAME,SP_JUR,SP_JURNAME,MILEPT,MILEPTNAME,LATITUDE,LATITUDENAME,LONGITUD,LONGITUDNAME,HARM_EV,HARM_EVNAME,MAN_COLL,MAN_COLLNAME,RELJCT1,RELJCT1NAME,RELJCT2,RELJCT2NAME,TYP_INT,TYP_INTNAME,REL_ROAD,REL_ROADNAME,WRK_ZONE,WRK_ZONENAME,LGT_COND,LGT_CONDNAME,WEATHER,WEATHERNAME,SCH_BUS,SCH_BUSNAME,RAIL,RAILNAME,NOT_HOUR,NOT_HOURNAME,NOT_MIN,NOT_MINNAME,ARR_HOUR,ARR_HOURNAME,ARR_MIN,ARR_MINNAME,HOSP_HR,HOSP_HRNAME,HOSP_MN,HOSP_MNNAME,FATALS
41,Oregon,410279,1,1,1,1,0,1,1,39,LANE (39),0,NOT APPLICABLE,7,July,20,20,5,Thursday,2023,22,10:00pm-10:59pm,45,45,PRAIRIE RD,,0,Not Signed,2,Urban,5,Major Collector,2,County Highway Agency,0,This Section IS NOT on the NHS,0,No Special Jurisdiction,12,12,44.10446667,44.10446667,-123.16288333,-123.16288333,8,Pedestrian,0,The First Harmful Event was Not a Collision with a Motor Vehicle in Transport,0,No,1,Non-Junction,1,Not an Intersection,2,On Shoulder,0,,2,Dark - Not Lighted,98,Not Reported,0,No,0000000,Not Applicable,5,5:00am-5:59am,34,34,5,5:00am-5:59am,39,39,88,Not Applicable (Not Transported),88,Not Applicable (Not Transported),1
41,Oregon,410281,0,0,1,1,0,1,1,55,SHERMAN (55),0,NOT APPLICABLE,7,July,21,21,6,Friday,2023,16,4:00pm-4:59pm,16,16,US-97 ODOT 42,,2,U.S. Highway,1,Rural,3,Other Principal Arterial,1,State Highway Agency,1,This Section IS ON the NHS,0,No Special Jurisdiction,260,260,45.38551667,45.38551667,-120.78921944,-120.78921944,34,Ditch,0,The First Harmful Event was Not a Collision with a Motor Vehicle in Transport,0,No,1,Non-Junction,1,Not an Intersection,4,On Roadside,0,,1,Daylight,1,Clear,0,No,0000000,Not Applicable,99,Unknown,99,Unknown,99,Unknown EMS Scene Arrival Hour,99,Unknown EMS Scene Arrival Minutes,88,Not Applicable (Not Transported),88,Not Applicable (Not Transported),1
41,Oregon,410282,0,0,2,2,0,2,2,57,TILLAMOOK (57),0,NOT APPLICABLE,7,July,22,22,7,Saturday,2023,10,10:00am-10:59am,25,25,US-101 ODOT 9,,2,U.S. Highway,1,Rural,3,Other Principal Arterial,1,State Highway Agency,1,This Section IS ON the NHS,0,No Special Jurisdiction,584,584,45.54270556,45.54270556,-123.90193333,-123.90193333,12,Motor Vehicle In-Transport,2,Front-to-Front,0,No,1,Non-Junction,1,Not an Intersection,1,On Roadway,0,,1,Daylight,98,Not Reported,0,No,0000000,Not Applicable,99,Unknown,99,Unknown,99,Unknown EMS Scene Arrival Hour,99,Unknown EMS Scene Arrival Minutes,99,Unknown,99,Unknown EMS Hospital Arrival Time,2
41,Oregon,410283,0,0,2,2,0,3,3,5,CLACKAMAS (5),0,NOT APPLICABLE,7,July,23,23,1,Sunday,2023,10,10:00am-10:59am,46,46,SR-211 ODOT 161,,3,State Highway,1,Rural,4,Minor Arterial,1,State Highway Agency,0,This Section IS NOT on the NHS,0,No Special Jurisdiction,251,251,45.20479444,45.20479444,-122.37647222,-122.37647222,12,Motor Vehicle In-Transport,2,Front-to-Front,0,No,1,Non-Junction,1,Not an Intersection,1,On Roadway,0,,1,Daylight,1,Clear,0,No,0000000,Not Applicable,10,10:00am-10:59am,46,46,11,11:00am-11:59am,0,0,99,Unknown,99,Unknown EMS Hospital Arrival Time,1
41,Oregon,410284,0,0,1,1,0,1,1,71,YAMHILL (71),0,NOT APPLICABLE,6,June,10,10,7,Saturday,2023,17,5:00pm-5:59pm,5,5,NE NORTH VALLEY RD,,0,Not Signed,1,Rural,5,Major Collector,2,County Highway Agency,0,This Section IS NOT on the NHS,0,No Special Jurisdiction,24,24,45.32925833,45.32925833,-123.03096944,-123.03096944,1,Rollover/Overturn,0,The First Harmful Event was Not a Collision with a Motor Vehicle in Transport,0,No,1,Non-Junction,1,Not an Intersection,4,On Roadside,0,,1,Daylight,1,Clear,0,No,0000000,Not Applicable,17,5:00pm-5:59pm,7,7,17,5:00pm-5:59pm,12,12,88,Not Applicable (Not Transported),88,Not Applicable (Not Transported),1
41,Oregon,410286,0,0,2,2,0,2,2,67,WASHINGTON (67),0,NOT APPLICABLE,7,July,13,13,5,Thursday,2023,14,2:00pm-2:59pm,50,50,SW ROY ROGERS RD,,0,Not Signed,2,Urban,4,Minor Arterial,2,County Highway Agency,0,This Section IS NOT on the NHS,0,No Special Jurisdiction,0,,45.38403333,45.38403333,-122.85205833,-122.85205833,12,Motor Vehicle In-Transport,2,Front-to-Front,0,No,1,Non-Junction,1,Not an Intersection,1,On Roadway,0,,1,Daylight,1,Clear,0,No,0000000,Not Applicable,14,2:00pm-2:59pm,54,54,15,3:00pm-3:59pm,4,4,16,4:00pm-4:59pm,8,8,1
41,Oregon,410287,0,0,3,3,0,5,5,47,MARION (47),2260,WOODBURN,7,July,24,24,2,Monday,2023,15,3:00pm-3:59pm,6,6,SR-214 ODOT 140,,3,State Highway,2,Urban,3,Other Principal Arterial,1,State Highway Agency,1,This Section IS ON the NHS,0,No Special Jurisdiction,380,380,45.15031111,45.15031111,-122.8549,-122.8549,12,Motor Vehicle In-Transport,8,Sideswipe - Opposite Direction,0,No,1,Non-Junction,1,Not an Intersection,1,On Roadway,0,,1,Daylight,1,Clear,0,No,0000000,Not Applicable,15,3:00pm-3:59pm,8,8,15,3:00pm-3:59pm,15,15,99,Unknown,99,Unknown EMS Hospital Arrival Time,1
41,Oregon,410288,0,0,1,1,0,1,1,67,WASHINGTON (67),0,NOT APPLICABLE,7,July,18,18,3,Tuesday,2023,21,9:00pm-9:59pm,17,17,SR-219 ODOT 140,,3,State Highway,1,Rural,4,Minor Arterial,1,State Highway Agency,0,This Section IS NOT on the NHS,0,No Special Jurisdiction,116,116,45.38711389,45.38711389,-122.949575,-122.949575,42,Tree (Standing Only),0,The First Harmful Event was Not a Collision with a Motor Vehicle in Transport,0,No,1,Non-Junction,1,Not an Intersection,4,On Roadside,0,,2,Dark - Not Lighted,10,Cloudy,0,No,0000000,Not Applicable,21,9:00pm-9:59pm,18,18,21,9:00pm-9:59pm,30,30,88,Not Applicable (Not Transported),88,Not Applicable (Not Transported),1
41,Oregon,410289,0,0,2,2,0,4,4,43,LINN (43),0,NOT APPLICABLE,7,July,25,25,3,Tuesday,2023,15,3:00pm-3:59pm,26,26,PEORIA RD,,0,Not Signed,1,Rural,5,Major Collector,2,County Highway Agency,0,This Section IS NOT on the NHS,0,No Special Jurisdiction,148,148,44.36595833,44.36595833,-123.19789167,-123.19789167,12,Motor Vehicle In-Transport,2,Front-to-Front,0,No,1,Non-Junction,1,Not an Intersection,1,On Roadway,0,,1,Daylight,1,Clear,0,No,0000000,Not Applicable,15,3:00pm-3:59pm,26,26,15,3:00pm-3:59pm,35,35,88,Not Applicable (Not Transported),88,Not Applicable (Not Transported),1
41,Oregon,410290,0,0,2,2,0,2,2,47,MARION (47),0,NOT APPLICABLE,7,July,26,26,4,Wednesday,2023,20,8:00pm-8:59pm,55,55,SR-214 ODOT 163,,3,State Highway,1,Rural,5,Major Collector,1,State Highway Agency,0,This Section IS NOT on the NHS,0,No Special Jurisdiction,370,370,44.98243333,44.98243333,-122.72961667,-122.72961667,12,Motor Vehicle In-Transport,6,Angle,0,No,8,Driveway Access Related,1,Not an Intersection,1,On Roadway,0,,5,Dusk,1,Clear,0,No,0000000,Not Applicable,20,8:00pm-8:59pm,56,56,21,9:00pm-9:59pm,7,7,88,Not Applicable (Not Transported),88,Not Applicable (Not Transported),1
41,Oregon,410291,0,0,1,1,0,1,1,71,YAMHILL (71),0,NOT APPLICABLE,7,July,18,18,3,Tuesday,2023,18,6:00pm-6:59pm,12,12,SW FORT HILL RD,,0,Not Signed,1,Rural,5,Major Collector,2,County Highway Agency,0,This Section IS NOT on the NHS,0,No Special Jurisdiction,29,29,45.09514444,45.09514444,-123.53955278,-123.53955278,30,Utility Pole/Light Support,0,The First Harmful Event was Not a Collision with a Motor Vehicle in Transport,0,No,1,Non-Junction,1,Not an Intersection,4,On Roadside,0,,1,Daylight,1,Clear,0,No,0000000,Not Applicable,18,6:00pm-6:59pm,9,9,18,6:00pm-6:59pm,18,18,88,Not Applicable (Not Transported),88,Not Applicable (Not Transported),1
41,Oregon,410292,0,0,2,2,0,3,3,17,DESCHUTES (17),0,NOT APPLICABLE,7,July,28,28,6,Friday,2023,16,4:00pm-4:59pm,26,26,US-20 ODOT 17,,2,U.S. Highway,2,Urban,3,Other Principal Arterial,1,State Highway Agency,1,This Section IS ON the NHS,0,No Special Jurisdiction,147,147,44.14518333,44.14518333,-121.33102778,-121.33102778,12,Motor Vehicle In-Transport,6,Angle,0,No,1,Non-Junction,1,Not an Intersection,1,On Roadway,1,Construction,1,Daylight,1,Clear,0,No,0000000,Not Applicable,16,4:00pm-4:59pm,26,26,16,4:00pm-4:59pm,33,33,99,Unknown,99,Unknown EMS Hospital Arrival Time,1
41,Oregon,410293,0,0,2,2,0,2,2,51,MULTNOMAH (51),1650,PORTLAND,7,July,28,28,6,Friday,2023,19,7:00pm-7:59pm,13,13,NE HALSEY ST,,0,Not Signed,2,Urban,3,Other Principal Arterial,4,City or Municipal Highway Agency,1,This Section IS ON the NHS,0,No Special Jurisdiction,0,,45.53348611,45.53348611,-122.54654444,-122.54654444,33,Curb,0,The First Harmful Event was Not a Collision with a Motor Vehicle in Transport,0,No,1,Non-Junction,1,Not an Intersection,4,On Roadside,0,,5,Dusk,1,Clear,0,No,0000000,Not Applicable,99,Unknown,99,Unknown,99,Unknown EMS Scene Arrival Hour,99,Unknown EMS Scene Arrival Minutes,88,Not Applicable (Not Transported),88,Not Applicable (Not Transported),1
41,Oregon,410294,1,1,1,1,0,1,1,51,MULTNOMAH (51),1650,PORTLAND,7,July,30,30,1,Sunday,2023,0,0:00am-0:59am,17,17,NE GLISAN ST,NE 60TH AVE,0,Not Signed,2,Urban,3,Other Principal Arterial,4,City or Municipal Highway Agency,1,This Section IS ON the NHS,0,No Special Jurisdiction,0,,45.52641667,45.52641667,-122.60224444,-122.60224444,8,Pedestrian,0,The First Harmful Event was Not a Collision with a Motor Vehicle in Transport,0,No,3,Intersection-Related,2,Four-Way Intersection,1,On Roadway,0,,3,Dark - Lighted,1,Clear,0,No,0000000,Not Applicable,99,Unknown,99,Unknown,99,Unknown EMS Scene Arrival Hour,99,Unknown EMS Scene Arrival Minutes,88,Not Applicable (Not Transported),88,Not Applicable (Not Transported),1
41,Oregon,410295,0,0,1,1,0,1,1,7,CLATSOP (7),0,NOT APPLICABLE,7,July,30,30,1,Sunday,2023,18,6:00pm-6:59pm,21,21,US-26 ODOT 47,,2,U.S. Highway,1,Rural,3,Other Principal Arterial,1,State Highway Agency,1,This Section IS ON the NHS,0,No Special Jurisdiction,114,114,45.90928889,45.90928889,-123.72323056,-123.72323056,42,Tree (Standing Only),0,The First Harmful Event was Not a Collision with a Motor Vehicle in Transport,0,No,1,Non-Junction,1,Not an Intersection,4,On Roadside,0,,1,Daylight,1,Clear,0,No,0000000,Not Applicable,18,6:00pm-6:59pm,21,21,18,6:00pm-6:59pm,38,38,99,Unknown,99,Unknown EMS Hospital Arrival Time,1
41,Oregon,410296,1,1,1,1,0,1,1,43,LINN (43),0,NOT APPLICABLE,7,July,31,31,2,Monday,2023,8,8:00am-8:59am,6,6,US-20 ODOT 16,KNOX BUTTE RD,2,U.S. Highway,1,Rural,4,Minor Arterial,1,State Highway Agency,0,This Section IS NOT on the NHS,0,No Special Jurisdiction,64,64,44.63001667,44.63001667,-122.95298333,-122.95298333,9,Pedalcyclist,0,The First Harmful Event was Not a Collision with a Motor Vehicle in Transport,0,No,2,Intersection,3,T-Intersection,1,On Roadway,0,,1,Daylight,1,Clear,0,No,0000000,Not Applicable,8,8:00am-8:59am,6,6,8,8:00am-8:59am,14,14,88,Not Applicable (Not Transported),88,Not Applicable (Not Transported),1
41,Oregon,410297,0,0,1,1,0,1,1,19,DOUGLAS (19),0,NOT APPLICABLE,7,July,14,14,6,Friday,2023,22,10:00pm-10:59pm,9,9,MOUNT REUBEN RD,,0,Not Signed,1,Rural,6,Minor Collector,2,County Highway Agency,0,This Section IS NOT on the NHS,0,No Special Jurisdiction,22,22,42.73948056,42.73948056,-123.46450556,-123.46450556,1,Rollover/Overturn,0,The First Harmful Event was Not a Collision with a Motor Vehicle in Transport,0,No,1,Non-Junction,1,Not an Intersection,1,On Roadway,0,,2,Dark - Not Lighted,1,Clear,0,No,0000000,Not Applicable,22,10:00pm-10:59pm,9,9,22,10:00pm-10:59pm,20,20,99,Unknown,99,Unknown EMS Hospital Arrival Time,1
41,Oregon,410298,1,1,1,1,0,2,2,67,WASHINGTON (67),0,NOT APPLICABLE,7,July,21,21,6,Friday,2023,5,5:00am-5:59am,27,27,NW SUSBAUER RD,,0,Not Signed,2,Urban,5,Major Collector,2,County Highway Agency,0,This Section IS NOT on the NHS,0,No Special Jurisdiction,0,,45.53861667,45.53861667,-123.04223056,-123.04223056,9,Pedalcyclist,0,The First Harmful Event was Not a Collision with a Motor Vehicle in Transport,0,No,1,Non-Junction,1,Not an Intersection,1,On Roadway,0,,1,Daylight,1,Clear,0,No,0000000,Not Applicable,5,5:00am-5:59am,27,27,5,5:00am-5:59am,37,37,88,Not Applicable (Not Transported),88,Not Applicable (Not Transported),1
41,Oregon,410299,0,0,1,1,0,1,1,67,WASHINGTON (67),180,BEAVERTON,7,July,24,24,2,Monday,2023,7,7:00am-7:59am,50,50,US-26 ODOT 47,,2,U.S. Highway,2,Urban,2,Other Freeways and Expressways,1,State Highway Agency,1,This Section IS ON the NHS,0,No Special Jurisdiction,678,678,45.51808333,45.51808333,-122.80467778,-122.80467778,25,Concrete Traffic Barrier,0,The First Harmful Event was Not a Collision with a Motor Vehicle in Transport,0,No,1,Non-Junction,1,Not an Intersection,3,On Median,0,,1,Daylight,98,Not Reported,0,No,0000000,Not Applicable,7,7:00am-7:59am,50,50,7,7:00am-7:59am,58,58,8,8:00am-8:59am,23,23,1
41,Oregon,410301,0,0,1,1,0,2,2,15,CURRY (15),0,NOT APPLICABLE,7,July,16,16,1,Sunday,2023,12,12:00pm-12:59pm,0,0,US-101 ODOT 9,,2,U.S. Highway,1,Rural,3,Other Principal Arterial,1,State Highway Agency,1,This Section IS ON the NHS,0,No Special Jurisdiction,3170,3170,42.56135278,42.56135278,-124.38601111,-124.38601111,1,Rollover/Overturn,0,The First Harmful Event was Not a Collision with a Motor Vehicle in Transport,0,No,1,Non-Junction,1,Not an Intersection,4,On Roadside,0,,1,Daylight,1,Clear,0,No,0000000,Not Applicable,12,12:00pm-12:59pm,5,5,12,12:00pm-12:59pm,18,18,99,Unknown,99,Unknown EMS Hospital Arrival Time,1
41,Oregon,410302,0,0,3,3,0,4,4,11,COOS (11),0,NOT APPLICABLE,8,August,2,2,4,Wednesday,2023,19,7:00pm-7:59pm,38,38,US-101 ODOT 9,,2,U.S. Highway,1,Rural,3,Other Principal Arterial,1,State Highway Agency,1,This Section IS ON the NHS,0,No Special Jurisdiction,2491,2491,43.25515,43.25515,-124.28296944,-124.28296944,12,Motor Vehicle In-Transport,8,Sideswipe - Opposite Direction,0,No,1,Non-Junction,1,Not an Intersection,1,On Roadway,0,,1,Daylight,1,Clear,0,No,0000000,Not Applicable,19,7:00pm-7:59pm,38,38,19,7:00pm-7:59pm,50,50,99,Unknown,99,Unknown EMS Hospital Arrival Time,2
41,Oregon,410303,0,0,1,1,0,1,1,11,COOS (11),0,NOT APPLICABLE,7,July,6,6,5,Thursday,2023,13,1:00pm-1:59pm,20,20,SR-242 ODOT 242,,3,State Highway,1,Rural,5,Major Collector,1,State Highway Agency,0,This Section IS NOT on the NHS,0,No Special Jurisdiction,13,13,43.01728056,43.01728056,-124.13401111,-124.13401111,35,Embankment,0,The First Harmful Event was Not a Collision with a Motor Vehicle in Transport,0,No,1,Non-Junction,1,Not an Intersection,4,On Roadside,0,,1,Daylight,1,Clear,0,No,0000000,Not Applicable,13,1:00pm-1:59pm,20,20,13,1:00pm-1:59pm,26,26,99,Unknown,99,Unknown EMS Hospital Arrival Time,1
41,Oregon,410304,0,0,2,2,0,2,2,51,MULTNOMAH (51),880,GRESHAM,8,August,3,3,5,Thursday,2023,14,2:00pm-2:59pm,6,6,SE STARK ST,SE 167H AVE,0,Not Signed,2,Urban,4,Minor Arterial,4,City or Municipal Highway Agency,0,This Section IS NOT on the NHS,0,No Special Jurisdiction,0,,45.51921944,45.51921944,-122.49116389,-122.49116389,12,Motor Vehicle In-Transport,6,Angle,0,No,2,Intersection,3,T-Intersection,1,On Roadway,0,,1,Daylight,1,Clear,0,No,0000000,Not Applicable,14,2:00pm-2:59pm,6,6,14,2:00pm-2:59pm,6,6,88,Not Applicable (Not Transported),88,Not Applicable (Not Transported),1
41,Oregon,410305,0,0,2,2,0,2,2,35,KLAMATH (35),0,NOT APPLICABLE,8,August,4,4,6,Friday,2023,7,7:00am-7:59am,46,46,SR-39 ODOT 50,,3,State Highway,2,Urban,3,Other Principal Arterial,1,State Highway Agency,1,This Section IS ON the NHS,0,No Special Jurisdiction,32,32,42.217375,42.217375,-121.7474,-121.7474,12,Motor Vehicle In-Transport,2,Front-to-Front,0,No,1,Non-Junction,1,Not an Intersection,1,On Roadway,0,,4,Dawn,1,Clear,0,No,0000000,Not Applicable,7,7:00am-7:59am,53,53,7,7:00am-7:59am,59,59,8,8:00am-8:59am,17,17,1
41,Oregon,410306,0,0,2,2,0,2,2,43,LINN (43),0,NOT APPLICABLE,8,August,4,4,6,Friday,2023,21,9:00pm-9:59pm,25,25,US-20 ODOT 16,INGRAM RD,2,U.S. Highway,1,Rural,3,Other Principal Arterial,1,State Highway Agency,1,This Section IS ON the NHS,0,No Special Jurisdiction,202,202,44.47210833,44.47210833,-122.81442778,-122.81442778,12,Motor Vehicle In-Transport,6,Angle,0,No,2,Intersection,3,T-Intersection,1,On Roadway,0,,2,Dark - Not Lighted,1,Clear,0,No,0000000,Not Applicable,21,9:00pm-9:59pm,26,26,21,9:00pm-9:59pm,35,35,88,Not Applicable (Not Transported),88,Not Applicable (Not Transported),1
41,Oregon,410307,1,1,1,1,0,1,1,5,CLACKAMAS (5),0,NOT APPLICABLE,8,August,5,5,7,Saturday,2023,7,7:00am-7:59am,7,7,SR-173 ODOT 173,E WEST LEG RD,3,State Highway,1,Rural,5,Major Collector,1,State Highway Agency,0,This Section IS NOT on the NHS,0,No Special Jurisdiction,5,5,45.32518333,45.32518333,-121.71115833,-121.71115833,9,Pedalcyclist,0,The First Harmful Event was Not a Collision with a Motor Vehicle in Transport,0,No,3,Intersection-Related,3,T-Intersection,1,On Roadway,0,,1,Daylight,10,Cloudy,0,No,0000000,Not Applicable,7,7:00am-7:59am,10,10,7,7:00am-7:59am,38,38,88,Not Applicable (Not Transported),88,Not Applicable (Not Transported),1
41,Oregon,410308,1,1,1,1,0,1,1,59,UMATILLA (59),0,NOT APPLICABLE,8,August,6,6,1,Sunday,2023,3,3:00am-3:59am,31,31,SR-11 ODOT 8,,3,State Highway,2,Urban,3,Other Principal Arterial,1,State Highway Agency,1,This Section IS ON the NHS,0,No Special Jurisdiction,331,331,45.96883889,45.96883889,-118.38709722,-118.38709722,15,Non-Motorist on Personal Conveyance,0,The First Harmful Event was Not a Collision with a Motor Vehicle in Transport,0,No,1,Non-Junction,1,Not an Intersection,2,On Shoulder,0,,2,Dark - Not Lighted,1,Clear,0,No,0000000,Not Applicable,3,3:00am-3:59am,31,31,3,3:00am-3:59am,39,39,88,Not Applicable (Not Transported),88,Not Applicable (Not Transported),1
41,Oregon,410309,0,0,1,1,0,2,2,43,LINN (43),0,NOT APPLICABLE,6,June,17,17,7,Saturday,2023,11,11:00am-11:59am,25,25,KNOX BUTTE RD,,0,Not Signed,1,Rural,5,Major Collector,2,County Highway Agency,0,This Section IS NOT on the NHS,0,No Special Jurisdiction,35,35,44.64678333,44.64678333,-122.98976389,-122.98976389,32,Culvert,0,The First Harmful Event was Not a Collision with a Motor Vehicle in Transport,0,No,1,Non-Junction,1,Not an Intersection,4,On Roadside,0,,1,Daylight,1,Clear,0,No,0000000,Not Applicable,11,11:00am-11:59am,25,25,11,11:00am-11:59am,35,35,88,Not Applicable (Not Transported),88,Not Applicable (Not Transported),2
41,Oregon,410310,0,0,3,3,0,4,4,47,MARION (47),1810,SALEM,8,August,6,6,1,Sunday,2023,13,1:00pm-1:59pm,0,0,CORDON RD SE,,0,Not Signed,2,Urban,3,Other Principal Arterial,4,City or Municipal Highway Agency,1,This Section IS ON the NHS,0,No Special Jurisdiction,0,,44.91571667,44.91571667,-122.95242778,-122.95242778,12,Motor Vehicle In-Transport,6,Angle,0,No,8,Driveway Access Related,1,Not an Intersection,1,On Roadway,0,,1,Daylight,1,Clear,0,No,0000000,Not Applicable,13,1:00pm-1:59pm,0,0,13,1:00pm-1:59pm,7,7,13,1:00pm-1:59pm,21,21,1
41,Oregon,410311,0,0,1,1,0,3,3,11,COOS (11),0,NOT APPLICABLE,8,August,4,4,6,Friday,2023,12,12:00pm-12:59pm,35,35,SOUTH POWERS RD,,0,Not Signed,1,Rural,5,Major Collector,2,County Highway Agency,0,This Section IS NOT on the NHS,0,No Special Jurisdiction,2,2,42.87498333,42.87498333,-124.06231111,-124.06231111,42,Tree (Standing Only),0,The First Harmful Event was Not a Collision with a Motor Vehicle in Transport,0,No,1,Non-Junction,1,Not an Intersection,4,On Roadside,0,,1,Daylight,1,Clear,0,No,0000000,Not Applicable,12,12:00pm-12:59pm,39,39,12,12:00pm-12:59pm,40,40,88,Not Applicable (Not Transported),88,Not Applicable (Not Transported),1
41,Oregon,410312,0,0,1,1,0,1,1,35,KLAMATH (35),0,NOT APPLICABLE,7,July,28,28,6,Friday,2023,20,8:00pm-8:59pm,38,38,US-97 ODOT 4,,2,U.S. Highway,1,Rural,3,Other Principal Arterial,1,State Highway Agency,1,This Section IS ON the NHS,0,No Special Jurisdiction,1784,1784,43.54049722,43.54049722,-121.615675,-121.615675,1,Rollover/Overturn,0,The First Harmful Event was Not a Collision with a Motor Vehicle in Transport,0,No,1,Non-Junction,1,Not an Intersection,4,On Roadside,0,,1,Daylight,1,Clear,0,No,0000000,Not Applicable,20,8:00pm-8:59pm,38,38,20,8:00pm-8:59pm,48,48,99,Unknown,99,Unknown EMS Hospital Arrival Time,1
41,Oregon,410313,0,0,2,2,0,4,4,9,COLUMBIA (9),1710,RAINIER,8,August,11,11,6,Friday,2023,17,5:00pm-5:59pm,10,10,US-30 ODOT 92,MILL ST,2,U.S. Highway,2,Urban,3,Other Principal Arterial,1,State Highway Agency,1,This Section IS ON the NHS,0,No Special Jurisdiction,481,481,46.09450278,46.09450278,-122.95844167,-122.95844167,12,Motor Vehicle In-Transport,6,Angle,0,No,2,Intersection,3,T-Intersection,1,On Roadway,0,,1,Daylight,1,Clear,0,No,0000000,Not Applicable,17,5:00pm-5:59pm,11,11,17,5:00pm-5:59pm,18,18,17,5:00pm-5:59pm,43,43,1
41,Oregon,410314,1,1,1,1,0,1,1,47,MARION (47),1810,SALEM,8,August,12,12,7,Saturday,2023,10,10:00am-10:59am,53,53,TURNER RD SE,CASCADE GATEWAY PARK,0,Not Signed,2,Urban,4,Minor Arterial,4,City or Municipal Highway Agency,0,This Section IS NOT on the NHS,0,No Special Jurisdiction,0,,44.91200833,44.91200833,-122.99639167,-122.99639167,8,Pedestrian,0,The First Harmful Event was Not a Collision with a Motor Vehicle in Transport,0,No,3,Intersection-Related,3,T-Intersection,1,On Roadway,0,,1,Daylight,1,Clear,0,No,0000000,Not Applicable,10,10:00am-10:59am,55,55,10,10:00am-10:59am,59,59,88,Not Applicable (Not Transported),88,Not Applicable (Not Transported),1
41,Oregon,410315,0,0,1,1,0,1,1,29,JACKSON (29),840,GOLD HILL,8,August,12,12,7,Saturday,2023,15,3:00pm-3:59pm,54,54,SR-234 ODOT 271,,3,State Highway,2,Urban,4,Minor Arterial,1,State Highway Agency,0,This Section IS NOT on the NHS,0,No Special Jurisdiction,26,26,42.43155833,42.43155833,-123.04394722,-123.04394722,35,Embankment,0,The First Harmful Event was Not a Collision with a Motor Vehicle in Transport,0,No,1,Non-Junction,1,Not an Intersection,4,On Roadside,0,,1,Daylight,1,Clear,0,No,0000000,Not Applicable,16,4:00pm-4:59pm,0,0,16,4:00pm-4:59pm,15,15,88,Not Applicable (Not Transported),88,Not Applicable (Not Transported),1
41,Oregon,410316,1,1,1,1,0,1,1,47,MARION (47),0,NOT APPLICABLE,8,August,12,12,7,Saturday,2023,19,7:00pm-7:59pm,5,5,SR-164 ODOT 164,TALBOT RD SE,3,State Highway,2,Urban,4,Minor Arterial,1,State Highway Agency,0,This Section IS NOT on the NHS,0,No Special Jurisdiction,49,49,44.73245833,44.73245833,-123.01035556,-123.01035556,9,Pedalcyclist,0,The First Harmful Event was Not a Collision with a Motor Vehicle in Transport,0,No,3,Intersection-Related,3,T-Intersection,1,On Roadway,0,,1,Daylight,1,Clear,0,No,0000000,Not Applicable,18,6:00pm-6:59pm,53,53,18,6:00pm-6:59pm,57,57,19,7:00pm-7:59pm,25,25,1
41,Oregon,410317,1,1,1,1,0,1,1,9,COLUMBIA (9),1840,SCAPPOOSE,3,March,8,8,4,Wednesday,2023,11,11:00am-11:59am,53,53,US-30 ODOT 92,SW WALNUT ST,2,U.S. Highway,2,Urban,3,Other Principal Arterial,1,State Highway Agency,1,This Section IS ON the NHS,0,No Special Jurisdiction,203,203,45.74976667,45.74976667,-122.87743056,-122.87743056,8,Pedestrian,0,The First Harmful Event was Not a Collision with a Motor Vehicle in Transport,0,No,3,Intersection-Related,2,Four-Way Intersection,1,On Roadway,0,,1,Daylight,1,Clear,0,No,0000000,Not Applicable,99,Unknown,99,Unknown,99,Unknown EMS Scene Arrival Hour,99,Unknown EMS Scene Arrival Minutes,99,Unknown,99,Unknown EMS Hospital Arrival Time,1