STATE,STATENAME,ST_CASE,PEDS,PERNOTMVIT,VE_TOTAL,VE_FORMS,PVH_INVL,PERSONS,PERMVIT,COUNTY,COUNTYNAME,CITY,CITYNAME,MONTH,MONTHNAME,DAY,DAYNAME,DAY_WEEK,DAY_WEEKNAME,YEAR,HOUR,HOURNAME,MINUTE,MINUTENAME,TWAY_ID,TWAY_ID2,ROUTE,ROUTENAME,RUR_URB,RUR_URBNAME,FUNC_SYS,FUNC_SYSNAME,RD_OWNER,RD_OWNERNAME,NHS,NHSNAME,SP_JUR,SP_JURNAME,MILEPT,MILEPTNAME,LATITUDE,LATITUDENAME,LONGITUD,LONGITUDNAME,HARM_EV,HARM_EVNAME,MAN_COLL,MAN_COLLNAME,RELJCT1,RELJCT1NAME,RELJCT2,RELJCT2NAME,TYP_INT,TYP_INTNAME,REL_ROAD,REL_ROADNAME,WRK_ZONE,WRK_ZONENAME,LGT_COND,LGT_CONDNAME,WEATHER,WEATHERNAME,SCH_BUS,SCH_BUSNAME,RAIL,RAILNAME,NOT_HOUR,NOT_HOURNAME,NOT_MIN,NOT_MINNAME,ARR_HOUR,ARR_HOURNAME,ARR_MIN,ARR_MINNAME,HOSP_HR,HOSP_HRNAME,HOSP_MN,HOSP_MNNAME,FATALS
41,Oregon,410543,1,1,1,1,0,1,1,51,MULTNOMAH (51),1650,PORTLAND,12,December,25,25,2,Monday,2023,0,0:00am-0:59am,19,19,SE STARK ST,SE 106TH AVE,0,Not Signed,2,Urban,4,Minor Arterial,4,City or Municipal Highway Agency,0,This Section IS NOT on the NHS,0,No Special Jurisdiction,0,,45.51903333,45.51903333,-122.55394444,-122.55394444,9,Pedalcyclist,0,The First Harmful Event was Not a Collision with a Motor Vehicle in Transport,0,No,3,Intersection-Related,2,Four-Way Intersection,1,On Roadway,0,,3,Dark - Lighted,2,Rain,0,No,0000000,Not Applicable,0,0:00am-0:59am,19,19,0,0:00am-0:59am,32,32,0,0:00am-0:59am,45,45,1
41,Oregon,410544,0,0,1,1,0,1,1,51,MULTNOMAH (51),1650,PORTLAND,12,December,25,25,2,Monday,2023,12,12:00pm-12:59pm,59,59,SR-99W ODOT 91,SW TAYLORS FERRY RD,3,State Highway,2,Urban,3,Other Principal Arterial,1,State Highway Agency,1,This Section IS ON the NHS,0,No Special Jurisdiction,60,60,45.45451944,45.45451944,-122.71856111,-122.71856111,42,Tree (Standing Only),0,The First Harmful Event was Not a Collision with a Motor Vehicle in Transport,0,No,3,Intersection-Related,2,Four-Way Intersection,4,On Roadside,0,,1,Daylight,2,Rain,0,No,0000000,Not Applicable,12,12:00pm-12:59pm,59,59,13,1:00pm-1:59pm,8,8,13,1:00pm-1:59pm,28,28,1
41,Oregon,410545,0,0,3,2,1,6,6,51,MULTNOMAH (51),1650,PORTLAND,12,December,25,25,2,Monday,2023,17,5:00pm-5:59pm,1,1,SE 122ND AVE,,0,Not Signed,2,Urban,4,Minor Arterial,4,City or Municipal Highway Agency,0,This Section IS NOT on the NHS,0,No Special Jurisdiction,0,,45.496675,45.496675,-122.53771667,-122.53771667,12,Motor Vehicle In-Transport,6,Angle,0,No,8,Driveway Access Related,1,Not an Intersection,1,On Roadway,0,,3,Dark - Lighted,2,Rain,0,No,0000000,Not Applicable,17,5:00pm-5:59pm,2,2,17,5:00pm-5:59pm,12,12,17,5:00pm-5:59pm,45,45,1
41,Oregon,410546,1,1,2,2,0,2,2,51,MULTNOMAH (51),1650,PORTLAND,12,December,26,26,3,Tuesday,2023,17,5:00pm-5:59pm,10,10,SE 122ND AVE,,0,Not Signed,2,Urban,4,Minor Arterial,4,City or Municipal Highway Agency,0,This Section IS NOT on the NHS,0,No Special Jurisdiction,0,,45.51269722,45.51269722,-122.53768889,-122.53768889,8,Pedestrian,0,The First Harmful Event was Not a Collision with a Motor Vehicle in Transport,0,No,1,Non-Junction,1,Not an Intersection,1,On Roadway,0,,3,Dark - Lighted,10,Cloudy,0,No,0000000,Not Applicable,99,Unknown,99,Unknown,99,Unknown EMS Scene Arrival Hour,99,Unknown EMS Scene Arrival Minutes,88,Not Applicable (Not Transported),88,Not Applicable (Not Transported),1
41,Oregon,410547,1,1,1,1,0,2,2,7,CLATSOP (7),80,ASTORIA,12,December,29,29,6,Friday,2023,11,11:00am-11:59am,49,49,US-30 ODOT 92,17TH ST,2,U.S. Highway,2,Urban,3,Other Principal Arterial,1,State Highway Agency,1,This Section IS ON the NHS,0,No Special Jurisdiction,978,978,46.18918889,46.18918889,-123.82434167,-123.82434167,8,Pedestrian,0,The First Harmful Event was Not a Collision with a Motor Vehicle in Transport,0,No,3,Intersection-Related,2,Four-Way Intersection,1,On Roadway,0,,1,Daylight,1,Clear,0,No,0000000,Not Applicable,11,11:00am-11:59am,49,49,11,11:00am-11:59am,52,52,88,Not Applicable (Not Transported),88,Not Applicable (Not Transported),1
41,Oregon,410548,1,1,1,1,0,1,1,51,MULTNOMAH (51),880,GRESHAM,12,December,29,29,6,Friday,2023,17,5:00pm-5:59pm,18,18,SE 182ND AVE,,0,Not Signed,2,Urban,3,Other Principal Arterial,4,City or Municipal Highway Agency,1,This Section IS ON the NHS,0,No Special Jurisdiction,0,,45.50832222,45.50832222,-122.47574722,-122.47574722,8,Pedestrian,0,The First Harmful Event was Not a Collision with a Motor Vehicle in Transport,0,No,1,Non-Junction,1,Not an Intersection,1,On Roadway,0,,3,Dark - Lighted,2,Rain,0,No,0000000,Not Applicable,17,5:00pm-5:59pm,18,18,17,5:00pm-5:59pm,24,24,88,Not Applicable (Not Transported),88,Not Applicable (Not Transported),1
41,Oregon,410549,0,0,3,3,0,5,5,5,CLACKAMAS (5),1360,MILWAUKIE,12,December,30,30,7,Saturday,2023,19,7:00pm-7:59pm,48,48,SR-224 ODOT 171,SE FREEMAN WY,3,State Highway,2,Urban,2,Other Freeways and Expressways,1,State Highway Agency,1,This Section IS ON the NHS,0,No Special Jurisdiction,18,18,45.43413889,45.43413889,-122.6158,-122.6158,12,Motor Vehicle In-Transport,6,Angle,0,No,2,Intersection,2,Four-Way Intersection,1,On Roadway,0,,3,Dark - Lighted,1,Clear,0,No,0000000,Not Applicable,18,6:00pm-6:59pm,48,48,18,6:00pm-6:59pm,51,51,99,Unknown,99,Unknown EMS Hospital Arrival Time,2
41,Oregon,410550,0,0,2,2,0,3,3,51,MULTNOMAH (51),1650,PORTLAND,12,December,31,31,1,Sunday,2023,14,2:00pm-2:59pm,48,48,SE 122ND AVE,,0,Not Signed,2,Urban,4,Minor Arterial,4,City or Municipal Highway Agency,0,This Section IS NOT on the NHS,0,No Special Jurisdiction,0,,45.51951389,45.51951389,-122.53774444,-122.53774444,12,Motor Vehicle In-Transport,6,Angle,8,Not Reported,8,Driveway Access Related,1,Not an Intersection,1,On Roadway,0,,1,Daylight,1,Clear,0,No,0000000,Not Applicable,99,Unknown,99,Unknown,99,Unknown EMS Scene Arrival Hour,99,Unknown EMS Scene Arrival Minutes,99,Unknown,99,Unknown EMS Hospital Arrival Time,1
41,Oregon,410551,1,1,1,1,0,1,1,51,MULTNOMAH (51),1650,PORTLAND,12,December,25,25,2,Monday,2023,17,5:00pm-5:59pm,3,3,SE 122ND AVE,SE ASH ST,0,Not Signed,2,Urban,4,Minor Arterial,4,City or Municipal Highway Agency,0,This Section IS NOT on the NHS,0,No Special Jurisdiction,0,,45.52131667,45.52131667,-122.53774444,-122.53774444,8,Pedestrian,0,The First Harmful Event was Not a Collision with a Motor Vehicle in Transport,0,No,3,Intersection-Related,2,Four-Way Intersection,1,On Roadway,0,,3,Dark - Lighted,2,Rain,0,No,0000000,Not Applicable,17,5:00pm-5:59pm,3,3,17,5:00pm-5:59pm,7,7,17,5:00pm-5:59pm,38,38,1
41,Oregon,410552,1,1,1,1,0,1,1,51,MULTNOMAH (51),1650,PORTLAND,12,December,4,4,2,Monday,2023,2,2:00am-2:59am,30,30,I-84 RAMP,,1,Interstate,2,Urban,1,Interstate,1,State Highway Agency,1,This Section IS ON the NHS,0,No Special Jurisdiction,0,,45.52829167,45.52829167,-122.66547778,-122.66547778,8,Pedestrian,0,The First Harmful Event was Not a Collision with a Motor Vehicle in Transport,1,Yes,20,Entrance/Exit Ramp,1,Not an Intersection,1,On Roadway,0,,3,Dark - Lighted,2,Rain,0,No,0000000,Not Applicable,2,2:00am-2:59am,30,30,2,2:00am-2:59am,37,37,3,3:00am-3:59am,6,6,1
41,Oregon,410553,0,0,2,2,0,3,3,67,WASHINGTON (67),0,NOT APPLICABLE,12,December,20,20,4,Wednesday,2023,20,8:00pm-8:59pm,51,51,NW 185TH AVE,NW ADRIAN ST,0,Not Signed,2,Urban,4,Minor Arterial,2,County Highway Agency,0,This Section IS NOT on the NHS,0,No Special Jurisdiction,0,,45.55329167,45.55329167,-122.86769444,-122.86769444,12,Motor Vehicle In-Transport,6,Angle,0,No,2,Intersection,3,T-Intersection,1,On Roadway,0,,3,Dark - Lighted,5,"Fog, Smog, Smoke",0,No,0000000,Not Applicable,22,10:00pm-10:59pm,51,51,23,11:00pm-11:59pm,2,2,23,11:00pm-11:59pm,36,36,1
41,Oregon,410554,0,0,1,1,0,1,1,49,MORROW (49),0,NOT APPLICABLE,10,October,23,23,2,Monday,2023,0,0:00am-0:59am,30,30,US-730 ODOT 2,,2,U.S. Highway,1,Rural,3,Other Principal Arterial,1,State Highway Agency,1,This Section IS ON the NHS,0,No Special Jurisdiction,1736,1736,45.88229722,45.88229722,-119.52869444,-119.52869444,1,Rollover/Overturn,0,The First Harmful Event was Not a Collision with a Motor Vehicle in Transport,0,No,1,Non-Junction,1,Not an Intersection,1,On Roadway,0,,2,Dark - Not Lighted,1,Clear,0,No,0000000,Not Applicable,0,0:00am-0:59am,34,34,0,0:00am-0:59am,37,37,99,Unknown,99,Unknown EMS Hospital Arrival Time,1
41,Oregon,410555,1,1,1,1,0,5,5,35,KLAMATH (35),1170,KLAMATH FALLS,11,November,22,22,4,Wednesday,2023,18,6:00pm-6:59pm,15,15,WASHBURN WY,,0,Not Signed,2,Urban,4,Minor Arterial,4,City or Municipal Highway Agency,0,This Section IS NOT on the NHS,0,No Special Jurisdiction,0,,42.21001944,42.21001944,-121.75709722,-121.75709722,8,Pedestrian,0,The First Harmful Event was Not a Collision with a Motor Vehicle in Transport,0,No,1,Non-Junction,1,Not an Intersection,1,On Roadway,0,,3,Dark - Lighted,2,Rain,0,No,0000000,Not Applicable,18,6:00pm-6:59pm,15,15,18,6:00pm-6:59pm,18,18,88,Not Applicable (Not Transported),88,Not Applicable (Not Transported),1
41,Oregon,410556,0,0,1,1,0,3,3,19,DOUGLAS (19),1780,ROSEBURG,11,November,5,5,1,Sunday,2023,18,6:00pm-6:59pm,16,16,STEWART PARK DR,HARVARD AVE,0,Not Signed,2,Urban,4,Minor Arterial,4,City or Municipal Highway Agency,0,This Section IS NOT on the NHS,0,No Special Jurisdiction,0,,43.21404444,43.21404444,-123.36555556,-123.36555556,6,Injured In Vehicle (Non-Collision),0,The First Harmful Event was Not a Collision with a Motor Vehicle in Transport,0,No,3,Intersection-Related,3,T-Intersection,1,On Roadway,0,,1,Daylight,10,Cloudy,0,No,0000000,Not Applicable,18,6:00pm-6:59pm,16,16,18,6:00pm-6:59pm,17,17,18,6:00pm-6:59pm,49,49,1
41,Oregon,410557,0,0,1,1,0,1,1,71,YAMHILL (71),0,NOT APPLICABLE,12,December,26,26,3,Tuesday,2023,17,5:00pm-5:59pm,7,7,NE NORTH VALLEY RD,,0,Not Signed,1,Rural,5,Major Collector,2,County Highway Agency,0,This Section IS NOT on the NHS,0,No Special Jurisdiction,24,24,45.32927222,45.32927222,-123.03136111,-123.03136111,42,Tree (Standing Only),0,The First Harmful Event was Not a Collision with a Motor Vehicle in Transport,0,No,1,Non-Junction,1,Not an Intersection,4,On Roadside,0,,8,Not Reported,98,Not Reported,0,No,0000000,Not Applicable,99,Unknown,99,Unknown,99,Unknown EMS Scene Arrival Hour,99,Unknown EMS Scene Arrival Minutes,88,Not Applicable (Not Transported),88,Not Applicable (Not Transported),1
41,Oregon,410558,0,0,2,2,0,3,3,35,KLAMATH (35),0,NOT APPLICABLE,12,December,24,24,1,Sunday,2023,16,4:00pm-4:59pm,5,5,SUMMERS LN,ANDERSON AVE,0,Not Signed,2,Urban,5,Major Collector,2,County Highway Agency,0,This Section IS NOT on the NHS,0,No Special Jurisdiction,5,5,42.18104722,42.18104722,-121.73765,-121.73765,12,Motor Vehicle In-Transport,6,Angle,0,No,2,Intersection,2,Four-Way Intersection,1,On Roadway,0,,1,Daylight,1,Clear,0,No,0000000,Not Applicable,16,4:00pm-4:59pm,5,5,16,4:00pm-4:59pm,26,26,16,4:00pm-4:59pm,43,43,1
41,Oregon,410559,0,0,3,3,0,9,9,59,UMATILLA (59),0,NOT APPLICABLE,12,December,25,25,2,Monday,2023,17,5:00pm-5:59pm,3,3,UMATILLA RIVER RD,,0,Not Signed,1,Rural,5,Major Collector,2,County Highway Agency,0,This Section IS NOT on the NHS,0,No Special Jurisdiction,28,28,45.86506389,45.86506389,-119.31436389,-119.31436389,12,Motor Vehicle In-Transport,2,Front-to-Front,0,No,1,Non-Junction,1,Not an Intersection,1,On Roadway,0,,2,Dark - Not Lighted,2,Rain,0,No,0000000,Not Applicable,17,5:00pm-5:59pm,4,4,17,5:00pm-5:59pm,9,9,17,5:00pm-5:59pm,32,32,1
41,Oregon,410560,0,0,2,2,0,2,2,35,KLAMATH (35),0,NOT APPLICABLE,12,December,26,26,3,Tuesday,2023,4,4:00am-4:59am,5,5,SPRAGUE RIVER RD,,0,Not Signed,1,Rural,5,Major Collector,2,County Highway Agency,0,This Section IS NOT on the NHS,0,No Special Jurisdiction,313,313,42.60194722,42.60194722,-121.81400556,-121.81400556,12,Motor Vehicle In-Transport,2,Front-to-Front,0,No,1,Non-Junction,1,Not an Intersection,1,On Roadway,0,,2,Dark - Not Lighted,5,"Fog, Smog, Smoke",0,No,0000000,Not Applicable,4,4:00am-4:59am,5,5,4,4:00am-4:59am,23,23,5,5:00am-5:59am,19,19,1
41,Oregon,410561,0,0,2,2,0,2,2,3,BENTON (3),0,NOT APPLICABLE,12,December,27,27,4,Wednesday,2023,21,9:00pm-9:59pm,15,15,SR-99W ODOT 91,NE ELLIOTT CIR,3,State Highway,2,Urban,3,Other Principal Arterial,1,State Highway Agency,1,This Section IS ON the NHS,0,No Special Jurisdiction,797,797,44.61695,44.61695,-123.24401111,-123.24401111,12,Motor Vehicle In-Transport,6,Angle,0,No,2,Intersection,3,T-Intersection,1,On Roadway,0,,3,Dark - Lighted,2,Rain,0,No,0000000,Not Applicable,21,9:00pm-9:59pm,15,15,21,9:00pm-9:59pm,22,22,21,9:00pm-9:59pm,52,52,1
41,Oregon,410562,0,0,2,2,0,2,2,9,COLUMBIA (9),0,NOT APPLICABLE,8,August,21,21,2,Monday,2023,16,4:00pm-4:59pm,34,34,US-30 ODOT 92,,2,U.S. Highway,1,Rural,3,Other Principal Arterial,1,State Highway Agency,1,This Section IS ON the NHS,0,No Special Jurisdiction,636,636,46.12141111,46.12141111,-123.24032222,-123.24032222,12,Motor Vehicle In-Transport,2,Front-to-Front,0,No,1,Non-Junction,1,Not an Intersection,1,On Roadway,1,Construction,1,Daylight,1,Clear,0,No,0000000,Not Applicable,16,4:00pm-4:59pm,34,34,16,4:00pm-4:59pm,39,39,99,Unknown,99,Unknown EMS Hospital Arrival Time,1
41,Oregon,410564,0,0,1,1,0,1,1,17,DESCHUTES (17),190,BEND,8,August,11,11,6,Friday,2023,22,10:00pm-10:59pm,29,29,BROSTERHOUS RD,,0,Not Signed,2,Urban,5,Major Collector,4,City or Municipal Highway Agency,0,This Section IS NOT on the NHS,0,No Special Jurisdiction,0,,44.02974444,44.02974444,-121.30118333,-121.30118333,99,Reported as Unknown,99,Reported as Unknown,0,No,99,Reported as Unknown,99,Reported as Unknown,99,Reported as Unknown,0,,3,Dark - Lighted,1,Clear,0,No,0000000,Not Applicable,99,Unknown,99,Unknown,99,Unknown EMS Scene Arrival Hour,99,Unknown EMS Scene Arrival Minutes,99,Unknown,99,Unknown EMS Hospital Arrival Time,1
41,Oregon,410565,1,1,1,1,0,1,1,5,CLACKAMAS (5),260,CANBY,9,September,9,9,7,Saturday,2023,20,8:00pm-8:59pm,53,53,SR-99E ODOT 81,,3,State Highway,2,Urban,3,Other Principal Arterial,1,State Highway Agency,0,This Section IS NOT on the NHS,0,No Special Jurisdiction,210,210,45.26270278,45.26270278,-122.69108889,-122.69108889,8,Pedestrian,0,The First Harmful Event was Not a Collision with a Motor Vehicle in Transport,0,No,1,Non-Junction,1,Not an Intersection,1,On Roadway,0,,3,Dark - Lighted,1,Clear,0,No,0000000,Not Applicable,20,8:00pm-8:59pm,55,55,20,8:00pm-8:59pm,59,59,21,9:00pm-9:59pm,32,32,1
41,Oregon,410566,0,0,1,1,0,2,2,35,KLAMATH (35),0,NOT APPLICABLE,10,October,13,13,6,Friday,2023,16,4:00pm-4:59pm,29,29,TEAL DR,,0,Not Signed,1,Rural,7,Local,2,County Highway Agency,0,This Section IS NOT on the NHS,0,No Special Jurisdiction,24,24,42.27643889,42.27643889,-121.40441944,-121.40441944,1,Rollover/Overturn,0,The First Harmful Event was Not a Collision with a Motor Vehicle in Transport,0,No,1,Non-Junction,1,Not an Intersection,4,On Roadside,0,,1,Daylight,10,Cloudy,0,No,0000000,Not Applicable,99,Unknown,99,Unknown,99,Unknown EMS Scene Arrival Hour,99,Unknown EMS Scene Arrival Minutes,99,Unknown,99,Unknown EMS Hospital Arrival Time,1
41,Oregon,410568,1,1,1,1,0,1,1,25,HARNEY (25),240,BURNS,10,October,28,28,7,Saturday,2023,99,Unknown Hours,99,Unknown Minutes,HINES BLVD,N SAGINAW AVE,0,Not Signed,1,Rural,7,Local,4,City or Municipal Highway Agency,0,This Section IS NOT on the NHS,0,No Special Jurisdiction,0,,43.57788333,43.57788333,-119.07558333,-119.07558333,9,Pedalcyclist,0,The First Harmful Event was Not a Collision with a Motor Vehicle in Transport,0,No,3,Intersection-Related,98,Not Reported,98,Not Reported,0,,8,Not Reported,98,Not Reported,0,No,0000000,Not Applicable,99,Unknown,99,Unknown,99,Unknown EMS Scene Arrival Hour,99,Unknown EMS Scene Arrival Minutes,88,Not Applicable (Not Transported),88,Not Applicable (Not Transported),1
41,Oregon,410569,0,0,1,1,0,1,1,65,WASCO (65),0,NOT APPLICABLE,11,November,6,6,2,Monday,2023,18,6:00pm-6:59pm,59,59,USFS 48,,0,Not Signed,1,Rural,5,Major Collector,64,U.S. Forest Service,0,This Section IS NOT on the NHS,0,No Special Jurisdiction,0,,45.19220278,45.19220278,-121.46194167,-121.46194167,1,Rollover/Overturn,0,The First Harmful Event was Not a Collision with a Motor Vehicle in Transport,0,No,1,Non-Junction,1,Not an Intersection,1,On Roadway,0,,8,Not Reported,98,Not Reported,0,No,0000000,Not Applicable,99,Unknown,99,Unknown,99,Unknown EMS Scene Arrival Hour,99,Unknown EMS Scene Arrival Minutes,88,Not Applicable (Not Transported),88,Not Applicable (Not Transported),1
41,Oregon,410570,0,0,1,1,0,1,1,35,KLAMATH (35),1170,KLAMATH FALLS,11,November,14,14,3,Tuesday,2023,13,1:00pm-1:59pm,50,50,QUARRY ST,,0,Not Signed,2,Urban,7,Local,4,City or Municipal Highway Agency,0,This Section IS NOT on the NHS,0,No Special Jurisdiction,0,,42.25206944,42.25206944,-121.79727222,-121.79727222,99,Reported as Unknown,98,Not Reported,0,No,98,Not Reported,1,Not an Intersection,98,Not Reported,0,,1,Daylight,98,Not Reported,0,No,0000000,Not Applicable,13,1:00pm-1:59pm,50,50,13,1:00pm-1:59pm,52,52,14,2:00pm-2:59pm,7,7,1
41,Oregon,410571,0,0,1,1,0,1,1,7,CLATSOP (7),0,NOT APPLICABLE,12,December,1,1,6,Friday,2023,99,Unknown Hours,99,Unknown Minutes,LOWER NEHALEM RD,,0,Not Signed,1,Rural,5,Major Collector,2,County Highway Agency,0,This Section IS NOT on the NHS,0,No Special Jurisdiction,80,80,45.795175,45.795175,-123.646,-123.646,3,Immersion or Partial Immersion,0,The First Harmful Event was Not a Collision with a Motor Vehicle in Transport,0,No,1,Non-Junction,1,Not an Intersection,4,On Roadside,0,,8,Not Reported,98,Not Reported,0,No,0000000,Not Applicable,88,Not Applicable (Not Notified),88,Not Applicable (Not Notified),88,Not Applicable,88,Not Applicable,88,Not Applicable (Not Transported),88,Not Applicable (Not Transported),1
41,Oregon,410572,0,0,1,1,0,1,1,71,YAMHILL (71),0,NOT APPLICABLE,12,December,2,2,7,Saturday,2023,14,2:00pm-2:59pm,29,29,SR-99 ODOT 91,,3,State Highway,2,Urban,3,Other Principal Arterial,1,State Highway Agency,1,This Section IS ON the NHS,0,No Special Jurisdiction,254,254,45.28441389,45.28441389,-123.00531667,-123.00531667,42,Tree (Standing Only),0,The First Harmful Event was Not a Collision with a Motor Vehicle in Transport,0,No,1,Non-Junction,1,Not an Intersection,4,On Roadside,0,,1,Daylight,10,Cloudy,0,No,0000000,Not Applicable,14,2:00pm-2:59pm,34,34,14,2:00pm-2:59pm,34,34,99,Unknown,99,Unknown EMS Hospital Arrival Time,1
41,Oregon,410573,1,1,2,2,0,3,3,59,UMATILLA (59),0,NOT APPLICABLE,12,December,8,8,6,Friday,2023,20,8:00pm-8:59pm,18,18,US-395 ODOT 54,,2,U.S. Highway,2,Urban,3,Other Principal Arterial,1,State Highway Agency,1,This Section IS ON the NHS,0,No Special Jurisdiction,34,34,45.87005556,45.87005556,-119.29276389,-119.29276389,8,Pedestrian,0,The First Harmful Event was Not a Collision with a Motor Vehicle in Transport,0,No,1,Non-Junction,1,Not an Intersection,1,On Roadway,0,,2,Dark - Not Lighted,1,Clear,0,No,0000000,Not Applicable,20,8:00pm-8:59pm,18,18,20,8:00pm-8:59pm,26,26,99,Unknown,99,Unknown EMS Hospital Arrival Time,1
41,Oregon,410575,0,0,2,2,0,2,2,9,COLUMBIA (9),0,NOT APPLICABLE,12,December,14,14,5,Thursday,2023,15,3:00pm-3:59pm,57,57,SCAPPOOSE VERONIA HWY,,0,Not Signed,1,Rural,4,Minor Arterial,2,County Highway Agency,0,This Section IS NOT on the NHS,0,No Special Jurisdiction,4,4,45.82521389,45.82521389,-122.96663889,-122.96663889,12,Motor Vehicle In-Transport,7,Sideswipe - Same Direction,0,No,8,Driveway Access Related,1,Not an Intersection,1,On Roadway,0,,1,Daylight,10,Cloudy,0,No,0000000,Not Applicable,15,3:00pm-3:59pm,57,57,16,4:00pm-4:59pm,8,8,88,Not Applicable (Not Transported),88,Not Applicable (Not Transported),1
41,Oregon,410576,1,1,1,1,0,1,1,59,UMATILLA (59),0,NOT APPLICABLE,12,December,18,18,2,Monday,2023,13,1:00pm-1:59pm,37,37,UMATILLA RIVER RD,,0,Not Signed,1,Rural,5,Major Collector,2,County Highway Agency,0,This Section IS NOT on the NHS,0,No Special Jurisdiction,19,19,45.87750556,45.87750556,-119.319525,-119.319525,8,Pedestrian,0,The First Harmful Event was Not a Collision with a Motor Vehicle in Transport,0,No,1,Non-Junction,1,Not an Intersection,1,On Roadway,0,,1,Daylight,1,Clear,0,No,0000000,Not Applicable,99,Unknown,99,Unknown,99,Unknown EMS Scene Arrival Hour,99,Unknown EMS Scene Arrival Minutes,88,Not Applicable (Not Transported),88,Not Applicable (Not Transported),1
41,Oregon,410578,0,0,1,1,0,1,1,57,TILLAMOOK (57),0,NOT APPLICABLE,11,November,29,29,4,Wednesday,2023,7,7:00am-7:59am,25,25,KILCHIS LOOKOUT RD,,0,Not Signed,1,Rural,7,Local,2,County Highway Agency,0,This Section IS NOT on the NHS,0,No Special Jurisdiction,0,,45.561075,45.561075,-123.65364167,-123.65364167,35,Embankment,0,The First Harmful Event was Not a Collision with a Motor Vehicle in Transport,0,No,1,Non-Junction,1,Not an Intersection,4,On Roadside,0,,1,Daylight,98,Not Reported,0,No,0000000,Not Applicable,99,Unknown,99,Unknown,99,Unknown EMS Scene Arrival Hour,99,Unknown EMS Scene Arrival Minutes,88,Not Applicable (Not Transported),88,Not Applicable (Not Transported),1
41,Oregon,410580,0,0,1,1,0,1,1,35,KLAMATH (35),0,NOT APPLICABLE,12,December,11,11,2,Monday,2023,16,4:00pm-4:59pm,49,49,LOWER KLAMATH LAKE RD,,0,Not Signed,1,Rural,5,Major Collector,2,County Highway Agency,0,This Section IS NOT on the NHS,0,No Special Jurisdiction,30,30,42.07386667,42.07386667,-121.77699444,-121.77699444,17,Boulder,0,The First Harmful Event was Not a Collision with a Motor Vehicle in Transport,0,No,1,Non-Junction,1,Not an Intersection,4,On Roadside,0,,5,Dusk,10,Cloudy,0,No,0000000,Not Applicable,16,4:00pm-4:59pm,49,49,17,5:00pm-5:59pm,0,0,88,Not Applicable (Not Transported),88,Not Applicable (Not Transported),1
41,Oregon,410581,0,0,1,1,0,1,1,9,COLUMBIA (9),0,NOT APPLICABLE,11,November,3,3,6,Friday,2023,16,4:00pm-4:59pm,2,2,SHEPARD RD,,0,Not Signed,1,Rural,7,Local,2,County Highway Agency,0,This Section IS NOT on the NHS,0,No Special Jurisdiction,9,9,46.12111389,46.12111389,-123.14559722,-123.14559722,17,Boulder,0,The First Harmful Event was Not a Collision with a Motor Vehicle in Transport,0,No,1,Non-Junction,1,Not an Intersection,4,On Roadside,0,,8,Not Reported,98,Not Reported,0,No,0000000,Not Applicable,99,Unknown,99,Unknown,99,Unknown EMS Scene Arrival Hour,99,Unknown EMS Scene Arrival Minutes,88,Not Applicable (Not Transported),88,Not Applicable (Not Transported),1
41,Oregon,410582,0,0,1,1,0,1,1,35,KLAMATH (35),0,NOT APPLICABLE,10,October,20,20,6,Friday,2023,15,3:00pm-3:59pm,30,30,LOWER KLAMATH LAKE RD,,0,Not Signed,1,Rural,5,Major Collector,2,County Highway Agency,0,This Section IS NOT on the NHS,0,No Special Jurisdiction,98,98,42.00970556,42.00970556,-121.67793333,-121.67793333,1,Rollover/Overturn,0,The First Harmful Event was Not a Collision with a Motor Vehicle in Transport,0,No,1,Non-Junction,1,Not an Intersection,4,On Roadside,0,,1,Daylight,1,Clear,0,No,0000000,Not Applicable,99,Unknown,99,Unknown,99,Unknown EMS Scene Arrival Hour,99,Unknown EMS Scene Arrival Minutes,99,Unknown,99,Unknown EMS Hospital Arrival Time,1